,correlation_with_Appliances
lights,0.1972775602062424
RH_out,-0.15228238090915153
T2,0.12007328289803465
T6,0.11763768942238377
T_out,0.0991546507399615
RH_8,-0.09403862707399029
Windspeed,0.08712210591235872
RH_1,0.08603142531155053
T3,0.08505990236568402
RH_6,-0.08317760704200591
RH_2,-0.060464760027120014
RH_7,-0.05564241833633239
T1,0.05544747185203501
RH_9,-0.05146201134630302
T4,0.040280983010929486
T8,0.03957198109559453
RH_3,0.0362917211535322
Press_mm_hg,-0.03488482908163348
T7,0.025801044619657935
T5,0.01975986058874139
RH_4,0.016965431418944472
Tdewpoint,0.015353010487474106
T9,0.010010284644667997
RH_5,0.006954536262417769
Visibility,0.00023035785547196032
